[
  {
    "id": 1,
    "title": "My Home Avatar - 3 BHK Luxury Apartment",
    "price": 28000000,
    "type": "Apartment",
    "location": "Kokapet",
    "lat": 17.381,
    "lng": 78.3987,
    "area_sqft": 2250,
    "developer": "My Home Group",
    "rera": true,
    "image": "https://placehold.co/800x600/7e22ce/fff?text=My+Home+Avatar"
  },
  {
    "id": 2,
    "title": "Prestige Golfshire - 4 BHK Villa",
    "price": 52000000,
    "type": "Villa",
    "location": "Gachibowli",
    "lat": 17.4399,
    "lng": 78.3494,
    "area_sqft": 4500,
    "developer": "Prestige Group",
    "rera": true,
    "image": "https://placehold.co/800x600/16a34a/fff?text=Prestige+Golfshire"
  },
  {
    "id": 3,
    "title": "BBG Ventures - Plot for Sale",
    "price": 12000000,
    "type": "Plot",
    "location": "Shadnagar",
    "lat": 17.0747,
    "lng": 78.5611,
    "area_sqft": 45000,
    "developer": "BBG Land",
    "rera": false,
    "image": "https://placehold.co/800x600/2563eb/fff?text=BBG+Plot"
  }
]